User Address,Referrer Address,Timestamp
0xcE317cF7939D6044ffa642d8e33B614a35432AB2,0x0000000000000000000000000000000000000000,2025-02-24T21:22:40.000Z
0x0621b05e3B3205301E9e7e6F17e96096f1Fa6A80,0x0000000000000000000000000000000000000000,2025-03-03T19:18:24.000Z
0x602943A74c8F8BdA641109CdE15d6D9B2F608bBA,0x0000000000000000000000000000000000000000,2025-03-03T19:28:56.000Z
0x9859B6eec67C75DCFF190151313F936c761546E6,0x0000000000000000000000000000000000000000,2025-03-03T19:37:08.000Z
0x69d4B62A5AB0d6C31C19151839Faf5a183D539C9,0x9859B6eec67C75DCFF190151313F936c761546E6,2025-03-03T20:08:20.000Z
0x280e7C1990AF5e0cfc566606B017BF81C3047C1f,0x9859B6eec67C75DCFF190151313F936c761546E6,2025-03-03T21:08:24.000Z
0x467aAC80A377A5449c7E8d8781e5C33Ef61060f8,0x280e7C1990AF5e0cfc566606B017BF81C3047C1f,2025-03-03T21:20:53.000Z
0xe10995B514db017608b6e7D7A2C086d269D21489,0x467aAC80A377A5449c7E8d8781e5C33Ef61060f8,2025-03-03T23:07:31.000Z
0x58B290e3C3E99E8CD7b3D9C23e81b77f1E5DFc02,0x467aAC80A377A5449c7E8d8781e5C33Ef61060f8,2025-03-04T06:37:19.000Z
0x990c2Bb879735C3680173Df736d895ffb0da0bb2,0x467aAC80A377A5449c7E8d8781e5C33Ef61060f8,2025-03-04T07:59:57.000Z
0x8d89177b78e8BeF36Cc98B528B983320224C35A1,0x990c2Bb879735C3680173Df736d895ffb0da0bb2,2025-03-04T08:15:13.000Z
0x447cf6CC441559e5754EF910D26229f0DC3A4fb3,0x990c2Bb879735C3680173Df736d895ffb0da0bb2,2025-03-04T10:32:16.000Z
0x558cECFe7350D8e70Cf5CacFd870873a6D9110A7,0x8d89177b78e8BeF36Cc98B528B983320224C35A1,2025-03-04T10:57:12.000Z
0xC457Da6BF86f3410A7db6aa2f200473E46514297,0x558cECFe7350D8e70Cf5CacFd870873a6D9110A7,2025-03-04T11:20:48.000Z
0xa830C1650B3B0aCBC558a22b7720077100a3a4F1,0xC457Da6BF86f3410A7db6aa2f200473E46514297,2025-03-04T11:34:42.000Z
0x48e7B58cA47BC7A49ded77fcd748eb6d10Bd9CE6,0xe10995B514db017608b6e7D7A2C086d269D21489,2025-03-05T06:29:03.000Z
0x6FeCC83F4fbB0C13a0933fA7864e925602De7861,0x48e7B58cA47BC7A49ded77fcd748eb6d10Bd9CE6,2025-03-05T06:39:59.000Z
0x5ef57EAB241F0D3fb071A35880c95979a2987608,0x6FeCC83F4fbB0C13a0933fA7864e925602De7861,2025-03-05T06:51:06.000Z
0x8CBE9B9605F26d7BDd65198DccB7d69Bee211832,0x5ef57EAB241F0D3fb071A35880c95979a2987608,2025-03-05T07:01:48.000Z
0xe09F1aEA6BFA018bB24e8b9D75F62aC65445B277,0x467aAC80A377A5449c7E8d8781e5C33Ef61060f8,2025-03-05T07:43:32.000Z
0x3328e8108d964eF571A1C5A37A946722789e4a6B,0x447cf6CC441559e5754EF910D26229f0DC3A4fb3,2025-03-05T08:43:12.000Z
0xA801b93C48b10725accf0604b792dD8C7461962b,0x8CBE9B9605F26d7BDd65198DccB7d69Bee211832,2025-03-05T08:48:42.000Z
0x0B17E191967f1270A4a9F59Bd0EA9f28305E0547,0x8CBE9B9605F26d7BDd65198DccB7d69Bee211832,2025-03-05T09:05:19.000Z
0x84334c76b3F7328B0c6E862473439F8970864563,0x0B17E191967f1270A4a9F59Bd0EA9f28305E0547,2025-03-05T09:22:03.000Z
0x319a259d48541feBf976dB78084C63d8C97ccd1E,0x84334c76b3F7328B0c6E862473439F8970864563,2025-03-05T09:36:23.000Z
0x5720aA732629423FC1Fe57812EAf4E1B1b47B766,0x84334c76b3F7328B0c6E862473439F8970864563,2025-03-05T09:54:33.000Z
0x19e49628f5Ddba93330103E7f84a3A1b13cD43D2,0x84334c76b3F7328B0c6E862473439F8970864563,2025-03-05T09:57:07.000Z
0xa99bE5402Eb38b98bd7e6ef7d7A8D9168c8f288E,0xA801b93C48b10725accf0604b792dD8C7461962b,2025-03-05T10:17:39.000Z
0xc15ac7De0d928a7ca77614f7Da12C2d10028063f,0xa99bE5402Eb38b98bd7e6ef7d7A8D9168c8f288E,2025-03-05T11:24:08.000Z
0x54b227d4cbAB63321f30a09Bad66dF0C0aA854Cc,0x319a259d48541feBf976dB78084C63d8C97ccd1E,2025-03-05T11:48:56.000Z
0xaC558F17108Feba6CCbbFc1cA97ddFd30eBeE062,0x5720aA732629423FC1Fe57812EAf4E1B1b47B766,2025-03-05T12:54:40.000Z
0xA2375c033B130082E0514114D4726449b5792fF4,0x8CBE9B9605F26d7BDd65198DccB7d69Bee211832,2025-03-05T13:31:46.000Z
0x6a132F9FC7FA5A480fDF1F2f79943B10c3A620b0,0x467aAC80A377A5449c7E8d8781e5C33Ef61060f8,2025-03-05T14:25:32.000Z
0x3490F1E5868ce7e8dFB7481C09d4d456DD8f6139,0xaC558F17108Feba6CCbbFc1cA97ddFd30eBeE062,2025-03-05T14:47:34.000Z
0x81f5c783d0A11e61E3407Ba18C0b63770Fae6808,0xe09F1aEA6BFA018bB24e8b9D75F62aC65445B277,2025-03-06T04:51:58.000Z
0xb3b824D14d08e85B93436dd06CC2a828d954BCf0,0xc15ac7De0d928a7ca77614f7Da12C2d10028063f,2025-03-06T08:20:35.000Z
0xc56eDef6895a09721b910e1F1Dd41C8062D89933,0x54b227d4cbAB63321f30a09Bad66dF0C0aA854Cc,2025-03-06T09:00:50.000Z
0x940A9Fb1b5c0460A93EE2b1BdF12f75616373404,0x319a259d48541feBf976dB78084C63d8C97ccd1E,2025-03-06T09:12:38.000Z
0x3A8dAf778FD72510C9a64644386Cb37CaadC47AE,0x19e49628f5Ddba93330103E7f84a3A1b13cD43D2,2025-03-06T09:48:18.000Z
0x668207f5eF40652ef24b6367FC11aDb279A398E3,0x54b227d4cbAB63321f30a09Bad66dF0C0aA854Cc,2025-03-06T09:55:28.000Z
0xD63eC8559D9c30f5F09813009143903D1f5e9f0F,0x19e49628f5Ddba93330103E7f84a3A1b13cD43D2,2025-03-06T10:02:29.000Z
0x324ed4B5055712Fb07D187ddD2508592119CBCda,0x319a259d48541feBf976dB78084C63d8C97ccd1E,2025-03-06T10:23:15.000Z
0x52041E940554974A8Ed582d44AD65bb8DB646FF7,0xD63eC8559D9c30f5F09813009143903D1f5e9f0F,2025-03-06T10:39:45.000Z
0xbCf07044512f29645efFc04a2Baa51B6BA98Ce2D,0x0000000000000000000000000000000000000000,2025-03-06T11:26:07.000Z
0x3189E0620BF36DfFBd8e330cee3Df4320Bb5CB49,0x467aAC80A377A5449c7E8d8781e5C33Ef61060f8,2025-03-07T01:46:25.000Z
0x0357408cF5e9C01350031A209dfFBF09da3fd740,0xa99bE5402Eb38b98bd7e6ef7d7A8D9168c8f288E,2025-03-07T05:19:23.000Z
0x5182E116eE7F39bE488c43a676486067082b85d4,0x324ed4B5055712Fb07D187ddD2508592119CBCda,2025-03-07T06:30:12.000Z
0x45d3d66B7D6F1AE689B6842767eCc35601FB5c61,0x0B17E191967f1270A4a9F59Bd0EA9f28305E0547,2025-03-07T07:05:02.000Z
0xE8B4A405ce890A94AB131544e75efAf01A81d55f,0x0000000000000000000000000000000000000000,2025-03-07T08:20:46.000Z
0xCE95ADAc4Dceb250eC6469908547A44DA83174D4,0xD63eC8559D9c30f5F09813009143903D1f5e9f0F,2025-03-07T10:49:32.000Z
0x90c5AEFC65Da06D85A6fC819D104A928dC040CF4,0x54b227d4cbAB63321f30a09Bad66dF0C0aA854Cc,2025-03-07T10:57:04.000Z
0xc529ef25bdA9988Ab47676015F3eD06e300fa0a2,0xc56eDef6895a09721b910e1F1Dd41C8062D89933,2025-03-07T10:58:04.000Z
0xAAc85A72a3179815bCF36f37142419b7AcC4B339,0x324ed4B5055712Fb07D187ddD2508592119CBCda,2025-03-07T11:27:10.000Z
0xE4bEcfD4E715fe1818A32c4DC7B6f265Fbc8B291,0x324ed4B5055712Fb07D187ddD2508592119CBCda,2025-03-07T14:27:32.000Z
0xA48b9c08A458489C47141c72FA6758117bD36874,0xc15ac7De0d928a7ca77614f7Da12C2d10028063f,2025-03-07T17:34:02.000Z
0x34cA0D2BE1C661477FA6f59FC0036Ddb94Ee5564,0x0000000000000000000000000000000000000000,2025-03-08T10:38:35.000Z
0x2cF717B37BEB9C306cB377B3D5e170227579444e,0x0B17E191967f1270A4a9F59Bd0EA9f28305E0547,2025-03-08T14:33:58.000Z
0xF87ceC1DE0e241279037935899B7AD7DaB6dF03E,0xaC558F17108Feba6CCbbFc1cA97ddFd30eBeE062,2025-03-09T09:25:09.000Z
0x29ee41482ba337C5F600da757B75ACBBef2e8F06,0xF87ceC1DE0e241279037935899B7AD7DaB6dF03E,2025-03-09T09:27:25.000Z
0x19368acB2FeCFEADd77C33C4E0E1b93fa04291C5,0x29ee41482ba337C5F600da757B75ACBBef2e8F06,2025-03-09T09:44:19.000Z
0x39b44f8943Da8b56007B3165c124b83C36EC30B8,0x19368acB2FeCFEADd77C33C4E0E1b93fa04291C5,2025-03-09T10:44:23.000Z
0x79Af749D12F05A69Fe22F6B0749d42dEc4BE6667,0x39b44f8943Da8b56007B3165c124b83C36EC30B8,2025-03-09T11:17:59.000Z
0x7647E81781B0F10BD5B374E524553Ad5F5bfE58f,0x79Af749D12F05A69Fe22F6B0749d42dEc4BE6667,2025-03-10T07:25:42.000Z
0x10d744Ad677222446f79d147741A73A1C33aAA89,0x7647E81781B0F10BD5B374E524553Ad5F5bfE58f,2025-03-10T07:36:06.000Z
0x1F54c3CE082028725470cF89b7c34Ca46628B84D,0x39b44f8943Da8b56007B3165c124b83C36EC30B8,2025-03-10T10:20:41.000Z
0x9421cCca67186c31C2cE7Ee9B4C09AB964d63100,0x10d744Ad677222446f79d147741A73A1C33aAA89,2025-03-10T10:58:25.000Z
0x0D8a77825b7b8c4C6F328FC141805bAFDFaeCc6C,0x39b44f8943Da8b56007B3165c124b83C36EC30B8,2025-03-10T12:21:37.000Z
0xEF0121f67aC6FEe94a6DD4bD1e2D78Bd35E023e4,0x324ed4B5055712Fb07D187ddD2508592119CBCda,2025-03-11T07:20:18.000Z
0x684448BAABf66d90bf2Ec8003FeFf60B2d74fb05,0xEF0121f67aC6FEe94a6DD4bD1e2D78Bd35E023e4,2025-03-11T07:42:58.000Z
0x031D595bEd44eE0A53f699759a91Ecd3781D0b3a,0x19368acB2FeCFEADd77C33C4E0E1b93fa04291C5,2025-03-11T09:26:20.000Z
0xCd8eA1774664251c5b3ab8c111EB5022a930141a,0x031D595bEd44eE0A53f699759a91Ecd3781D0b3a,2025-03-11T09:35:28.000Z
0x13140bd45Af2D02710da1D48bB825df5963DE7ee,0x2cF717B37BEB9C306cB377B3D5e170227579444e,2025-03-11T09:55:10.000Z
0xc74f4f192f80Bf3B61A9AE24140BFDF142C67362,0x13140bd45Af2D02710da1D48bB825df5963DE7ee,2025-03-11T10:36:30.000Z
0xa78923b9D078c0A5E6A8104fd00922cA6a774404,0x0D8a77825b7b8c4C6F328FC141805bAFDFaeCc6C,2025-03-11T16:44:44.000Z
0x3c9f11850e52ceb70E31D4999b664E50f63CD398,0x19368acB2FeCFEADd77C33C4E0E1b93fa04291C5,2025-03-12T05:39:05.000Z
0x794527B6680ea0b79D048Ea2521Dcb44C1c83295,0x19368acB2FeCFEADd77C33C4E0E1b93fa04291C5,2025-03-12T05:57:59.000Z
0xC53ceA38edC04E1f61D12C505FA310101df69164,0x794527B6680ea0b79D048Ea2521Dcb44C1c83295,2025-03-12T06:17:57.000Z
0xB76bF9bA151E79EC40F89B94f31b738d0fB448AA,0xC53ceA38edC04E1f61D12C505FA310101df69164,2025-03-12T06:33:11.000Z
0xB74Ee490b61c80F627135474Ef95eB217D3d5981,0x0D8a77825b7b8c4C6F328FC141805bAFDFaeCc6C,2025-03-12T09:50:53.000Z
0x4DE05451ADC755dd3FC6897Ac388F4dCA1334C29,0xa78923b9D078c0A5E6A8104fd00922cA6a774404,2025-03-12T12:03:07.000Z
0xBB157d4184CC6Af33f159aACE8055caA9B3FE802,0x6a132F9FC7FA5A480fDF1F2f79943B10c3A620b0,2025-03-12T14:36:45.000Z
0x15BCA95455Fe903a2E77F37b09713fE4446C71f3,0xB76bF9bA151E79EC40F89B94f31b738d0fB448AA,2025-03-12T16:42:29.000Z
0x20eF30C0e40803D8550523c105ED5a538E7f1653,0x467aAC80A377A5449c7E8d8781e5C33Ef61060f8,2025-03-12T19:19:49.000Z
0xb7AD992aE38916d41029bCebEAc95a465E651781,0xaC558F17108Feba6CCbbFc1cA97ddFd30eBeE062,2025-03-12T19:49:47.000Z
0x619c67eAe9D0dba38E4bc840e1e4d785f86D12C0,0x20eF30C0e40803D8550523c105ED5a538E7f1653,2025-03-13T10:52:02.000Z
0x9eAE3450Be2A8bc28Db116b3266fDe1221315988,0x39b44f8943Da8b56007B3165c124b83C36EC30B8,2025-03-13T10:58:08.000Z
0x859584055cde63501f96482193eb4F6E3DEf9294,0x15BCA95455Fe903a2E77F37b09713fE4446C71f3,2025-03-13T11:33:21.000Z
0x86a8681F395c19302d53a411031288f0403b6d52,0xA801b93C48b10725accf0604b792dD8C7461962b,2025-03-13T11:49:47.000Z
0xb6476D91aEf2178338294aCe3624E5D56Ed4cc62,0xE4bEcfD4E715fe1818A32c4DC7B6f265Fbc8B291,2025-03-13T12:02:03.000Z
0xC74D8D667B5667C6F9775399DCC0dc525B123dc1,0x10d744Ad677222446f79d147741A73A1C33aAA89,2025-03-13T12:17:03.000Z
0x32e3df95E7986A0097b0cdeF92e93E18E37A2927,0x8CBE9B9605F26d7BDd65198DccB7d69Bee211832,2025-03-13T12:29:01.000Z
0xdd6B83E649611be119Cb8FBdd92a44018eDBddd8,0x32e3df95E7986A0097b0cdeF92e93E18E37A2927,2025-03-13T12:41:19.000Z
0xe5a891e574BFaA4A767810dc25c97048FfFe3B97,0xC74D8D667B5667C6F9775399DCC0dc525B123dc1,2025-03-13T12:58:21.000Z
0xE52D5E9f247D88F95FBFbc9102964C53A7C848e5,0x3c9f11850e52ceb70E31D4999b664E50f63CD398,2025-03-13T13:23:37.000Z
0xBdd191CAF35C4Fc57C35901fd268F54E065f6f20,0xe10995B514db017608b6e7D7A2C086d269D21489,2025-03-13T14:27:37.000Z
0xb3523e3A55B5f4b412ab61C27385E32569a4640e,0xBdd191CAF35C4Fc57C35901fd268F54E065f6f20,2025-03-13T14:40:19.000Z
0xa703b2F7946E52C8458AB41704DB1BBE4F32e4B8,0xBdd191CAF35C4Fc57C35901fd268F54E065f6f20,2025-03-13T14:53:43.000Z
0x00f3b55f636ec1B0Be7fAC5E75aEAe4C69612D5f,0xa703b2F7946E52C8458AB41704DB1BBE4F32e4B8,2025-03-13T15:03:53.000Z
0x1d06C00aDB4c4400b3422880BDf5ddb7c2e4FdF6,0x9421cCca67186c31C2cE7Ee9B4C09AB964d63100,2025-03-13T17:37:22.000Z
0xF90fD0b7fea6Fc5eD8344a2a8906687872E28D71,0x81f5c783d0A11e61E3407Ba18C0b63770Fae6808,2025-03-14T00:58:24.000Z
0x0F789bfa5D6Ad293e0013a70c65FA65761921E33,0x619c67eAe9D0dba38E4bc840e1e4d785f86D12C0,2025-03-14T04:55:16.000Z
0xEd4fE36830EC52806dd12c00af1BBCDa0062e634,0x15BCA95455Fe903a2E77F37b09713fE4446C71f3,2025-03-14T04:59:00.000Z
0xb9e39d8b322Ff2387d80D47eF8D621f1724dC899,0xEd4fE36830EC52806dd12c00af1BBCDa0062e634,2025-03-14T05:10:12.000Z
0x53df5769e4A7f0aD1e046086E5053742326eA90E,0xb9e39d8b322Ff2387d80D47eF8D621f1724dC899,2025-03-14T05:15:08.000Z
0xF121Ef056E524C14492aBa178c87Af051741B7BD,0xEd4fE36830EC52806dd12c00af1BBCDa0062e634,2025-03-14T05:18:07.000Z
0x3022bCB1916F3D05D1AD68977b558b8dE5d79738,0x53df5769e4A7f0aD1e046086E5053742326eA90E,2025-03-14T05:21:03.000Z
0xE0FcCaafBC6FfCeC9681bC1b6B5Be751676eD0ac,0xb9e39d8b322Ff2387d80D47eF8D621f1724dC899,2025-03-14T05:21:53.000Z
0x7553E35729Cb8eF812A6042dB32FC4F9eE935017,0xEd4fE36830EC52806dd12c00af1BBCDa0062e634,2025-03-14T05:22:07.000Z
0xc75cBf05440250992f93E6F4181E7a24AE531803,0x53df5769e4A7f0aD1e046086E5053742326eA90E,2025-03-14T05:26:53.000Z
0x84f7a8b33fE7fCeC7fEE29b413BC1cB7de109c8E,0xc75cBf05440250992f93E6F4181E7a24AE531803,2025-03-14T05:31:45.000Z
0xe6A89Ad15249347b8979123Ac31D1683a7d7eE72,0xE0FcCaafBC6FfCeC9681bC1b6B5Be751676eD0ac,2025-03-14T05:32:19.000Z
0xfd38BECE288574A9650e48049ae5E67a9167b576,0xE0FcCaafBC6FfCeC9681bC1b6B5Be751676eD0ac,2025-03-14T05:42:45.000Z
0x4b02b334fA101F7D7a5B715dB24441e0BD6D81E5,0xfd38BECE288574A9650e48049ae5E67a9167b576,2025-03-14T05:48:49.000Z
0x97e21C4068c7E12532525Dc8D34a7Da38F15EFCb,0x3022bCB1916F3D05D1AD68977b558b8dE5d79738,2025-03-14T05:50:21.000Z
0x26c56cECAC841A2A55996CDac9333Be1D2247967,0xEd4fE36830EC52806dd12c00af1BBCDa0062e634,2025-03-14T05:50:25.000Z
0x95a96edA5f7DFb6BB38cFcfdE57CE6Ca4F262B80,0x4b02b334fA101F7D7a5B715dB24441e0BD6D81E5,2025-03-14T05:51:45.000Z
0xabe5b00fC3272A5215DE94576680207114fEF72A,0xE0FcCaafBC6FfCeC9681bC1b6B5Be751676eD0ac,2025-03-14T06:01:03.000Z
0x373d036F108881F3049Ef7c5e1Df09aAD407e61a,0x26c56cECAC841A2A55996CDac9333Be1D2247967,2025-03-14T06:05:13.000Z
0x974340B0f925A71bDC3A3886A40C2E8566E43885,0x53df5769e4A7f0aD1e046086E5053742326eA90E,2025-03-14T06:09:07.000Z
0x2fc125FbE9eBA948dd7c02118dD364D6512E0d3E,0x26c56cECAC841A2A55996CDac9333Be1D2247967,2025-03-14T06:11:29.000Z
0x2F9D6b415E25486C9c5cBfE383029D4b7acf029F,0xC74D8D667B5667C6F9775399DCC0dc525B123dc1,2025-03-14T07:03:44.000Z
0x876023af0845607533a5677618b5146B39281e2e,0xEd4fE36830EC52806dd12c00af1BBCDa0062e634,2025-03-14T07:10:14.000Z
0x39481553260Fba3C412409634a2a6823b3885e8f,0xE0FcCaafBC6FfCeC9681bC1b6B5Be751676eD0ac,2025-03-14T07:13:20.000Z
0x105c8636A4cD70Aa846Be7fF279440786631A1fA,0xC74D8D667B5667C6F9775399DCC0dc525B123dc1,2025-03-14T07:57:08.000Z
0x1795800b3a44C18Abf1ae8133415735cF03024ED,0x39b44f8943Da8b56007B3165c124b83C36EC30B8,2025-03-14T09:26:14.000Z
0x18aD47AB04e60fedD3e9FA9416C0250b81d8dAb1,0x1795800b3a44C18Abf1ae8133415735cF03024ED,2025-03-14T09:33:42.000Z
0x37DAcb4Ef8c08E77a9B8040D67AFe609dF10f196,0xe5a891e574BFaA4A767810dc25c97048FfFe3B97,2025-03-14T09:37:19.000Z
0xbFC3a00385Bc363090FBf9991b46d28d4aD15cE4,0x19368acB2FeCFEADd77C33C4E0E1b93fa04291C5,2025-03-14T15:50:37.000Z
0x34247000F36Aa92aE03eD32768dce032719b5C4e,0xbFC3a00385Bc363090FBf9991b46d28d4aD15cE4,2025-03-14T16:28:55.000Z
0x329B0a343982192094792Ab07B94131F6A66cC8F,0xbFC3a00385Bc363090FBf9991b46d28d4aD15cE4,2025-03-14T16:50:47.000Z
0x03ffFceFddA95EEB21941A05DCB74E904367C4e1,0xb7AD992aE38916d41029bCebEAc95a465E651781,2025-03-15T07:16:44.000Z
0xB776301d5138070968F269AC706016BE5255F78E,0xbFC3a00385Bc363090FBf9991b46d28d4aD15cE4,2025-03-15T07:55:42.000Z
0x8cEE6CF375195994E1711B64C0D278194B194d8C,0x10d744Ad677222446f79d147741A73A1C33aAA89,2025-03-15T08:58:27.000Z
0x9d6459e6A48f4023C01C1F3996b07038e7151746,0x10d744Ad677222446f79d147741A73A1C33aAA89,2025-03-15T10:13:35.000Z
0xD34C99D82cB939740a9f44ca990D647b3Ad89cc9,0xbFC3a00385Bc363090FBf9991b46d28d4aD15cE4,2025-03-15T11:26:26.000Z
0xA76Ab8CF265A00d1FdB4FFc4D90dB23cF57BC69B,0x0B17E191967f1270A4a9F59Bd0EA9f28305E0547,2025-03-15T13:24:13.000Z
0x13da741e3faB35dCF389B0314B6871E3E4e2A60e,0xaC558F17108Feba6CCbbFc1cA97ddFd30eBeE062,2025-03-15T14:34:26.000Z
0xd6423F9573E12Da39fbAb5F367d7fE782f618f07,0xaC558F17108Feba6CCbbFc1cA97ddFd30eBeE062,2025-03-15T14:38:04.000Z
0xb69Fe3c4A41a68C8DFCD02Ea2a60fd3Fa5B7EEFa,0xe10995B514db017608b6e7D7A2C086d269D21489,2025-03-15T17:49:57.000Z
0xcE22Ea9953DEA880beA47a09Dc3A3908ce9AeDAA,0x105c8636A4cD70Aa846Be7fF279440786631A1fA,2025-03-16T05:12:43.000Z
0x08Fd2bCc8670dFbCeA7e93a3a99eb17C2Dd21327,0xC74D8D667B5667C6F9775399DCC0dc525B123dc1,2025-03-16T07:05:25.000Z
0x6AdCEA4b9AC76f7FDA2A46ea90039D7654DedC02,0x329B0a343982192094792Ab07B94131F6A66cC8F,2025-03-16T08:35:00.000Z
0xE7ec12d79E87d54a5CD3263E28002098aD957E58,0x329B0a343982192094792Ab07B94131F6A66cC8F,2025-03-16T09:42:36.000Z
0x949434A27E1f318E6dcE17043DE1c9F761F3E5B5,0xE7ec12d79E87d54a5CD3263E28002098aD957E58,2025-03-16T10:06:16.000Z
0x65f1D18d5ad6cBc9FdFeC42862271EE4DF179C7d,0x79Af749D12F05A69Fe22F6B0749d42dEc4BE6667,2025-03-16T10:15:06.000Z
0x971Be4F9FfAd8cb86CC07FDd76f85519FFA7Cb8e,0x65f1D18d5ad6cBc9FdFeC42862271EE4DF179C7d,2025-03-16T10:20:56.000Z
0x339D882E4a9AEb529595009F7f119764D1c73Dd4,0x6AdCEA4b9AC76f7FDA2A46ea90039D7654DedC02,2025-03-16T10:49:14.000Z
0x6Bc762Ba6405bAEEAB25EF209c2B8D48B3bD4936,0x79Af749D12F05A69Fe22F6B0749d42dEc4BE6667,2025-03-16T11:21:56.000Z
0x7a0D7f90e49CCD75Bd85059A8116BAD4a4B0333D,0x29ee41482ba337C5F600da757B75ACBBef2e8F06,2025-03-16T11:24:10.000Z
0xA7894bb20643FD7ffBC9E15e137085B130Bb1434,0x949434A27E1f318E6dcE17043DE1c9F761F3E5B5,2025-03-16T12:12:48.000Z
0x38FD2EC815512662cDE885f73857064dC86d2f60,0x971Be4F9FfAd8cb86CC07FDd76f85519FFA7Cb8e,2025-03-16T12:44:18.000Z
0xb70C70f7907a8C946028De6eE2eF879517Aa1f82,0xbFC3a00385Bc363090FBf9991b46d28d4aD15cE4,2025-03-16T13:24:32.000Z
0x6F733f8b9B8241294d7F66AF077b2b1828295e40,0x38FD2EC815512662cDE885f73857064dC86d2f60,2025-03-16T13:31:44.000Z
0xF26c14aaC57894B704120dceD2Fe8BC96a78769a,0x38FD2EC815512662cDE885f73857064dC86d2f60,2025-03-16T13:44:58.000Z
0x908190b4a1497F4207f22F8Da839B2b0CBcBB4a4,0xF26c14aaC57894B704120dceD2Fe8BC96a78769a,2025-03-16T13:56:30.000Z
0x826d95c9662aa54611303e51A2c0faAb250C78B6,0x949434A27E1f318E6dcE17043DE1c9F761F3E5B5,2025-03-16T14:07:58.000Z
0x8dA59858c240Bb55689b4c258C0707Ce701A8505,0x3022bCB1916F3D05D1AD68977b558b8dE5d79738,2025-03-16T14:30:42.000Z
0x7700c0E1BDA63D25fa785a84dAa1Fa810d489535,0x339D882E4a9AEb529595009F7f119764D1c73Dd4,2025-03-16T14:33:58.000Z
0x05CF2367b1cAcB6F4A93cF24e1aa6D1a4feb8E8d,0x7700c0E1BDA63D25fa785a84dAa1Fa810d489535,2025-03-16T15:37:59.000Z
0xe9513678bcFfE49Bf7D031634dbdbde191677195,0x949434A27E1f318E6dcE17043DE1c9F761F3E5B5,2025-03-17T04:37:41.000Z
0x6900f0aCcaB0b0c68221c89bccb4cD5b87d0dfD7,0xe9513678bcFfE49Bf7D031634dbdbde191677195,2025-03-17T05:05:17.000Z
0x6B019335504d21056F6f003a15E0e848A5D4cAa0,0x8dA59858c240Bb55689b4c258C0707Ce701A8505,2025-03-17T07:46:38.000Z
0x3dF907cD05BA3c065a443E8fcC954Deb2D8323C0,0x826d95c9662aa54611303e51A2c0faAb250C78B6,2025-03-17T08:15:25.000Z
0x5936E9e819ba50E22d1dCfdf1752063DD37BeB31,0x826d95c9662aa54611303e51A2c0faAb250C78B6,2025-03-17T09:00:21.000Z
0x3A111B9d4dDC31C153B8CcB826cbCeAc00587DA7,0xe5a891e574BFaA4A767810dc25c97048FfFe3B97,2025-03-17T12:09:45.000Z
0x8fb61861EdF912b2a41e5c7Aa3faBF095B565eC2,0x08Fd2bCc8670dFbCeA7e93a3a99eb17C2Dd21327,2025-03-17T12:57:09.000Z
0xD780A08444273cea3383328040c2051d2eEc60Ad,0x38FD2EC815512662cDE885f73857064dC86d2f60,2025-03-17T14:27:34.000Z
0xaB62824563Ff53D581365914A2294c9eDDd4BcAc,0x6900f0aCcaB0b0c68221c89bccb4cD5b87d0dfD7,2025-03-17T17:36:42.000Z
0x2D7d90F8450C2F2e12D108f5Db98dbab670040b3,0x6900f0aCcaB0b0c68221c89bccb4cD5b87d0dfD7,2025-03-18T01:37:52.000Z
0xEe9f7d71cEBa78215315E2098D821684fb1188fb,0x6900f0aCcaB0b0c68221c89bccb4cD5b87d0dfD7,2025-03-18T01:50:21.000Z
0xf8c906b0629f511979507DFbdb0994efB7542d72,0xbFC3a00385Bc363090FBf9991b46d28d4aD15cE4,2025-03-18T02:02:47.000Z
0x89bafdD154bbF862B4B5450520006d047F6655c2,0xf8c906b0629f511979507DFbdb0994efB7542d72,2025-03-18T02:11:15.000Z
0xFC4c749099098C109b8aA84aaCF278A3FCCBe766,0xEe9f7d71cEBa78215315E2098D821684fb1188fb,2025-03-18T03:16:57.000Z
0xbab9Fe7a9Bc57C19FBB40332A080B9a0787f72F9,0x5936E9e819ba50E22d1dCfdf1752063DD37BeB31,2025-03-18T04:18:17.000Z
0x4e5b144B4E63c9680B305B4881a3B3B6f7DB27D3,0x2D7d90F8450C2F2e12D108f5Db98dbab670040b3,2025-03-18T05:36:53.000Z
0xb84A1627ed2Fd203f63E554Ca52542A8dA404c64,0xbab9Fe7a9Bc57C19FBB40332A080B9a0787f72F9,2025-03-18T05:54:35.000Z
0x1ED599571D2bc28f872fce06606aDA4DDbBd08F0,0x5936E9e819ba50E22d1dCfdf1752063DD37BeB31,2025-03-18T06:29:45.000Z
0x01F500656413DbB3584E9737653A4385C751bdC2,0x0B17E191967f1270A4a9F59Bd0EA9f28305E0547,2025-03-18T07:11:59.000Z
0x2E983F5500252Ace3aE55a411a9d4321f67e48C8,0xb84A1627ed2Fd203f63E554Ca52542A8dA404c64,2025-03-18T07:25:17.000Z
0xeDADb544128DC20583A8DFdbe4B40BEe1A55Ca39,0xA76Ab8CF265A00d1FdB4FFc4D90dB23cF57BC69B,2025-03-18T07:27:41.000Z
0xeAc25ff6b33E7036c73bf660F094a2C2a69361d7,0xbab9Fe7a9Bc57C19FBB40332A080B9a0787f72F9,2025-03-18T08:43:02.000Z
0xc5D37653245cb42294e8AfAD69Fe6d35F578c302,0x8dA59858c240Bb55689b4c258C0707Ce701A8505,2025-03-18T13:47:03.000Z
0x4e4D85c80DFB0bCC974C4Ed9e6f9D2f7B0D826d6,0xEe9f7d71cEBa78215315E2098D821684fb1188fb,2025-03-18T16:43:01.000Z
0x02aE9909EDd4B1c51e7dD9b6C79FB876F85E7DbC,0xEe9f7d71cEBa78215315E2098D821684fb1188fb,2025-03-18T18:17:43.000Z
0x6B1cBbC5710cEEA912531BeBbaF985C7b134A561,0x4e4D85c80DFB0bCC974C4Ed9e6f9D2f7B0D826d6,2025-03-19T04:46:24.000Z
0xc6c1BbE2255530C2CcD3294030FbfF21b58EB5a7,0xbFC3a00385Bc363090FBf9991b46d28d4aD15cE4,2025-03-19T06:59:24.000Z
0x4534b2d84F8e82F7568157162a75136e6C8C6e26,0x1d06C00aDB4c4400b3422880BDf5ddb7c2e4FdF6,2025-03-19T07:08:48.000Z
0xBE9432255F944Af3087f39647C045684D31c765E,0x5936E9e819ba50E22d1dCfdf1752063DD37BeB31,2025-03-19T07:30:38.000Z
0x728E758F2083d766c07ABa43228C5e5B3c7F9f1f,0x5720aA732629423FC1Fe57812EAf4E1B1b47B766,2025-03-19T14:31:38.000Z
0x3B79603d8A46fE203722F328cF6168AB76827a39,0x5720aA732629423FC1Fe57812EAf4E1B1b47B766,2025-03-19T14:41:18.000Z
0x16Eb7003c69C90B5d15A249c413d6D0f4F4fDFC8,0x5720aA732629423FC1Fe57812EAf4E1B1b47B766,2025-03-19T14:49:50.000Z
0x92EBFeCe56Ffb338df5BE7e9A72bCe5edaBA7d2A,0x5720aA732629423FC1Fe57812EAf4E1B1b47B766,2025-03-19T14:55:38.000Z
0xDd2140968EC7b95F444a6De7eeB16f8b9e3e1128,0x4534b2d84F8e82F7568157162a75136e6C8C6e26,2025-03-19T15:37:22.000Z
0xBD8445cb091aB24EE2419952E9e2412B7EE40313,0x02aE9909EDd4B1c51e7dD9b6C79FB876F85E7DbC,2025-03-19T17:16:58.000Z
0x64Ed7CDAaf92921882F172c9cA8E0ea9B8d55628,0xbFC3a00385Bc363090FBf9991b46d28d4aD15cE4,2025-03-20T04:01:07.000Z
0xc7eb66Edc5d4c79cE8e2a0525C914be95f46a956,0x64Ed7CDAaf92921882F172c9cA8E0ea9B8d55628,2025-03-20T04:45:39.000Z
0x5734D1b1E85cCe577D9FF21c662Fc766FF4B24Bc,0x0F789bfa5D6Ad293e0013a70c65FA65761921E33,2025-03-20T06:20:51.000Z
0x98d257b2364B1acFa51C63EB3Aa24345Bd868235,0xe5a891e574BFaA4A767810dc25c97048FfFe3B97,2025-03-20T06:21:31.000Z
0x8616f3cD0Fd3bA27a2A6532725dAB5060e2dD025,0x5734D1b1E85cCe577D9FF21c662Fc766FF4B24Bc,2025-03-20T06:29:11.000Z
0xAc4Ecf840921fEA8192C77A7EE4a8E225cCa12E1,0xc7eb66Edc5d4c79cE8e2a0525C914be95f46a956,2025-03-20T06:47:59.000Z
0xD91371933b558EFC1D75FeA71B83be9344e1c401,0x826d95c9662aa54611303e51A2c0faAb250C78B6,2025-03-20T07:58:31.000Z
0x60683875e552Fc77158FC3305b1af4B565246069,0x826d95c9662aa54611303e51A2c0faAb250C78B6,2025-03-20T08:35:39.000Z
0xa1f952Af5c6031397afDc159775D78A7e524b556,0xbab9Fe7a9Bc57C19FBB40332A080B9a0787f72F9,2025-03-20T08:53:51.000Z
0x4591A97e97E1095D16C8732D8636B5C7717b45D4,0x826d95c9662aa54611303e51A2c0faAb250C78B6,2025-03-20T10:28:45.000Z
0x60e46caeaD436A493028d7B260191F8a9857365B,0x19368acB2FeCFEADd77C33C4E0E1b93fa04291C5,2025-03-20T10:41:45.000Z
0x228Ae482994dA87e3Fa81827a7592162A0D59c58,0xEd4fE36830EC52806dd12c00af1BBCDa0062e634,2025-03-20T11:02:47.000Z
0x91BeF537898d5FB8F102882F3557DF681253dEf7,0x0D8a77825b7b8c4C6F328FC141805bAFDFaeCc6C,2025-03-20T11:34:28.000Z
0xdAdA7CA4F8a469E48A4022274E7B5C59A43f94cA,0x8CBE9B9605F26d7BDd65198DccB7d69Bee211832,2025-03-21T02:59:13.000Z
0x17192254e995ed9f7971327931A955464A9F1125,0x6AdCEA4b9AC76f7FDA2A46ea90039D7654DedC02,2025-03-21T04:44:45.000Z
0xb3ff04BD544B58dc9B98976C6675D6c3ca508eea,0xbab9Fe7a9Bc57C19FBB40332A080B9a0787f72F9,2025-03-21T09:20:01.000Z
0xfeCE48dFD4a1a41204BcC770296444BfBA7f707e,0x6AdCEA4b9AC76f7FDA2A46ea90039D7654DedC02,2025-03-21T12:10:49.000Z
0xCcb99e3Ae147b531FD24fC2be3E75763b6c72Fd6,0xfeCE48dFD4a1a41204BcC770296444BfBA7f707e,2025-03-21T12:28:37.000Z
0xfD69E617794aFc276F8e03f63DEA361E2C2a0a80,0x0B17E191967f1270A4a9F59Bd0EA9f28305E0547,2025-03-21T19:19:05.000Z
0x5Bb5b35036c1860B3bb529e638C9b1008dDfA943,0xfD69E617794aFc276F8e03f63DEA361E2C2a0a80,2025-03-21T19:49:51.000Z
0x56c7d30e0Dae09852a48a492fD3d1d81B7E7dAE9,0x6FeCC83F4fbB0C13a0933fA7864e925602De7861,2025-03-22T06:49:29.000Z
0x709fDdfc35Ec664AA6691F31487A3995358A8FCb,0x5Bb5b35036c1860B3bb529e638C9b1008dDfA943,2025-03-22T06:57:55.000Z
0x6e45eC688e1a9011e18Cc2706D1BefA7B03E62eb,0xBD8445cb091aB24EE2419952E9e2412B7EE40313,2025-03-22T08:41:15.000Z
0x2d4fF100E51BAA2E21E7804d0e21C69a2e30Df7E,0x3A8dAf778FD72510C9a64644386Cb37CaadC47AE,2025-03-22T10:52:23.000Z
0x6093D864C35832A58F03cDD9e3BfeFed5b2D541d,0x6F733f8b9B8241294d7F66AF077b2b1828295e40,2025-03-22T14:55:30.000Z
0xe1c0e8b0af929961b5e8b7E3904628008c43204C,0xaB62824563Ff53D581365914A2294c9eDDd4BcAc,2025-03-22T15:13:48.000Z
0x709dA807Ffa604710c931D4bcCb5ad8aD0872178,0x228Ae482994dA87e3Fa81827a7592162A0D59c58,2025-03-23T10:35:55.000Z
0x2344B38a5256A2E51E4EFEd8299379A7551d86B8,0x6AdCEA4b9AC76f7FDA2A46ea90039D7654DedC02,2025-03-23T13:53:41.000Z
0xd877acb0e9273b149bfCd634Bb16758Ec6bB3c2B,0x2344B38a5256A2E51E4EFEd8299379A7551d86B8,2025-03-23T14:24:43.000Z
0x651433265dc9e2c415A1be6D3D535B9add7149eE,0x105c8636A4cD70Aa846Be7fF279440786631A1fA,2025-03-24T08:47:18.000Z
0x963457B288788F7b240D9fCD619E1C4040500AD9,0x228Ae482994dA87e3Fa81827a7592162A0D59c58,2025-03-24T15:10:52.000Z
0x39b0CfE5f38Cd533717C054FC82352D404B9C358,0x709dA807Ffa604710c931D4bcCb5ad8aD0872178,2025-03-24T15:22:36.000Z
0xb206c58F07D024201dA159f61F89198f3563256B,0x709dA807Ffa604710c931D4bcCb5ad8aD0872178,2025-03-24T15:45:40.000Z
0x84d31e2B1d00b7d98b79fD8190A1D6A8009F647e,0x39b0CfE5f38Cd533717C054FC82352D404B9C358,2025-03-24T15:50:40.000Z
0xD296745A93689d2cd0D528794a556B30831a70de,0x84d31e2B1d00b7d98b79fD8190A1D6A8009F647e,2025-03-24T16:14:24.000Z
0x4d63a38670f186358bB33378133357e735b95E4e,0x876023af0845607533a5677618b5146B39281e2e,2025-03-24T16:49:42.000Z
0x65f006C8e41Ba556B65Cb3156A9C5F148B3ad750,0x876023af0845607533a5677618b5146B39281e2e,2025-03-24T17:20:28.000Z
0xFD22f1b56f1F6c639f46a88c0D94296E09E0602E,0x79Af749D12F05A69Fe22F6B0749d42dEc4BE6667,2025-03-25T04:40:34.000Z
0xdd9506f22fd59CD6f5479301fc56dFcFe4B0240F,0xFD22f1b56f1F6c639f46a88c0D94296E09E0602E,2025-03-25T04:44:14.000Z
0x46dB674b9AebF6E9b2861831F64994A57E5C8C7c,0xFD22f1b56f1F6c639f46a88c0D94296E09E0602E,2025-03-25T04:52:48.000Z
0xBB29a3209dD5d197B662f5FFe089AcD0034Cf965,0xFD22f1b56f1F6c639f46a88c0D94296E09E0602E,2025-03-25T05:12:18.000Z
0x8AD5798270B99CBfcC16413014Cb12f215e0D4bB,0x105c8636A4cD70Aa846Be7fF279440786631A1fA,2025-03-25T07:41:03.000Z
0x1987De71225984FedD652809c8C37b07bE251166,0x6B1cBbC5710cEEA912531BeBbaF985C7b134A561,2025-03-25T07:46:09.000Z
0x63939f46f0Ab491462b0f48298f7afd58c92b07d,0xFD22f1b56f1F6c639f46a88c0D94296E09E0602E,2025-03-25T08:07:33.000Z
0x46E92d778bc5908C7fdfD24A6a0F656371cF91Ee,0x63939f46f0Ab491462b0f48298f7afd58c92b07d,2025-03-25T08:16:13.000Z
0x307291F9677a33Ae9B35AfB5392ad8FBA4BaBb03,0x0000000000000000000000000000000000000000,2025-03-25T10:59:48.000Z
0x12CbE33Bec3b7086defFdDeB659a42698f3C48b6,0x6900f0aCcaB0b0c68221c89bccb4cD5b87d0dfD7,2025-03-25T11:43:16.000Z
0xE05C4d01479a9D7F5D362f62210eC27411FCa325,0x6900f0aCcaB0b0c68221c89bccb4cD5b87d0dfD7,2025-03-25T12:20:12.000Z
0x6f535721B4a73734a72ED7b735265760d0283785,0x307291F9677a33Ae9B35AfB5392ad8FBA4BaBb03,2025-03-25T12:52:02.000Z
0x68FF2d33073fd90D7Ec5Eacc526f9E5F9A33Ff15,0x1987De71225984FedD652809c8C37b07bE251166,2025-03-25T13:59:10.000Z
0xE6847dB8feCF275f09777C738DE37849445777F8,0xb9e39d8b322Ff2387d80D47eF8D621f1724dC899,2025-03-25T15:52:28.000Z
0xdD513C41A86D63A9C1680465e25D30De7C7ea04d,0x39b0CfE5f38Cd533717C054FC82352D404B9C358,2025-03-25T16:22:04.000Z
0x08DA593E8af0BF6C1751608E12ba596E54AE20cf,0xFD22f1b56f1F6c639f46a88c0D94296E09E0602E,2025-03-26T04:01:01.000Z
0x63f1f5D2E4a19D9b16bbdF249E2C684F52dba064,0xe5a891e574BFaA4A767810dc25c97048FfFe3B97,2025-03-26T06:12:51.000Z
0xEA703Dc4Bb863F935216bC67409E7b4904613629,0xe5a891e574BFaA4A767810dc25c97048FfFe3B97,2025-03-26T06:15:47.000Z
0x354D45718aA3110701cfcad6F7CB2a0E7199ff57,0xdd9506f22fd59CD6f5479301fc56dFcFe4B0240F,2025-03-26T08:15:41.000Z
0x2f9351395C5EBc5CE35b0C88692DA3f1AFFa9b87,0x6B1cBbC5710cEEA912531BeBbaF985C7b134A561,2025-03-26T08:35:07.000Z
0x750aEC4495435D2Cb1480c2C627E4Ea30D5A0E55,0xe5a891e574BFaA4A767810dc25c97048FfFe3B97,2025-03-26T09:00:15.000Z
0xd74F34eA9c1802f456A9F4B226CCD128D030e54c,0x91BeF537898d5FB8F102882F3557DF681253dEf7,2025-03-26T10:29:31.000Z
0xcD83d7Ed0B11f4Cdf18B8643a08CF0FD4e4D872E,0x46dB674b9AebF6E9b2861831F64994A57E5C8C7c,2025-03-26T11:27:38.000Z
0xd42878A89E5130e268F0FD6cc80DaAd70947aFE1,0x46dB674b9AebF6E9b2861831F64994A57E5C8C7c,2025-03-26T11:35:43.000Z
0x2dB109AA2244a3D26A1545806F9D24898245B1B3,0x0000000000000000000000000000000000000000,2025-03-26T11:45:49.000Z
0x7E6Ea52C1EFfEFED159255AbC7568691C67EF664,0x00f3b55f636ec1B0Be7fAC5E75aEAe4C69612D5f,2025-03-26T12:26:00.000Z
0x03ED38a3AEd61F1Fe4FaC10Ba4E1D66f48412DeB,0xEd4fE36830EC52806dd12c00af1BBCDa0062e634,2025-03-26T13:24:56.000Z
0xcA214BF0Eb564bCb805EB6C5911C7D0c3FA87abE,0x39b0CfE5f38Cd533717C054FC82352D404B9C358,2025-03-26T14:07:50.000Z
0x4762975A4824D2E0E31BF5B4DACCd2dCC59EF0F1,0x98d257b2364B1acFa51C63EB3Aa24345Bd868235,2025-03-27T04:21:09.000Z
0xA996E3F2B0d9f2331713DEAE2581CB72B0457F38,0xe5a891e574BFaA4A767810dc25c97048FfFe3B97,2025-03-27T06:58:02.000Z
0xBa917A104A603013dDe6BB8e5F1EF94A7DFFcdF9,0x0000000000000000000000000000000000000000,2025-03-27T11:38:03.000Z
0x8ba7AC3f8565abEee00264479Cab6ff9a211cD4d,0x03ED38a3AEd61F1Fe4FaC10Ba4E1D66f48412DeB,2025-03-27T12:37:19.000Z
0xc30ea636c84F091395A9cd4ae55aaea987C2a566,0x39b0CfE5f38Cd533717C054FC82352D404B9C358,2025-03-27T14:46:52.000Z
0x53d8625081fFFFbdD9A63B010C5f64f8571c70dF,0xe5a891e574BFaA4A767810dc25c97048FfFe3B97,2025-03-28T10:46:40.000Z
0xb1EE5C050D05F80F913eec47f39A97ac44aFb8d1,0x1987De71225984FedD652809c8C37b07bE251166,2025-03-28T12:05:20.000Z
0x136f1110C3f7ca7b561a979160271f8520668D1c,0x53d8625081fFFFbdD9A63B010C5f64f8571c70dF,2025-03-28T12:22:12.000Z
0x4944bA3552B54A0E7b1Afd04a2C36a8f95494d8F,0x1987De71225984FedD652809c8C37b07bE251166,2025-03-28T12:50:14.000Z
0x23C983223d4Eb2f8ce8867f3d1B9212bEe0D5d81,0x98d257b2364B1acFa51C63EB3Aa24345Bd868235,2025-03-28T14:25:00.000Z
0x1f5e9757F277CA2f05cb998d09216F500677FD33,0x98d257b2364B1acFa51C63EB3Aa24345Bd868235,2025-03-28T14:35:22.000Z
0x2977bc58c999e6451d8E91b0CBcaa5D3aB97df7d,0x98d257b2364B1acFa51C63EB3Aa24345Bd868235,2025-03-28T14:37:42.000Z
0xE89c66Aa00eADf75CdedCa6BB6ae229Acc8aDc8a,0x98d257b2364B1acFa51C63EB3Aa24345Bd868235,2025-03-28T14:45:04.000Z
0x786c7C5b5e7438897E5C9E14dd5E4ff28ccF9cE2,0x1987De71225984FedD652809c8C37b07bE251166,2025-03-28T15:12:22.000Z
0xDD1A049E478463fA15755F3F611Cc965BABBc8C4,0x7E6Ea52C1EFfEFED159255AbC7568691C67EF664,2025-03-28T20:25:50.000Z
0x801507980cc2DA4fa566Bd361FbB23F29fAA2A76,0xDD1A049E478463fA15755F3F611Cc965BABBc8C4,2025-03-28T20:41:21.000Z
0x5B52B4Eff4EBf400cfC20DE14cEF567894f2b932,0x651433265dc9e2c415A1be6D3D535B9add7149eE,2025-03-29T04:51:45.000Z
0xf3545d54F865a712F1625351D641B9Cf3533d8Bc,0x5B52B4Eff4EBf400cfC20DE14cEF567894f2b932,2025-03-29T04:59:51.000Z
0xCeC1594F9F80e79Edf4A6e90dD374FfbBBc409c8,0xaB62824563Ff53D581365914A2294c9eDDd4BcAc,2025-03-29T05:14:47.000Z
0x22de2dE378A80e7751970EFB738dB7a1f7Cf4FF8,0xCeC1594F9F80e79Edf4A6e90dD374FfbBBc409c8,2025-03-29T07:19:34.000Z
0xc71C80e902e8C4D07ba714591e6c758a572f84bd,0x22de2dE378A80e7751970EFB738dB7a1f7Cf4FF8,2025-03-29T09:36:50.000Z
0x03d3F900E77EAd2863bebAfCE43Ac71D6Fe9C712,0xc71C80e902e8C4D07ba714591e6c758a572f84bd,2025-03-29T09:47:44.000Z
0x987914a6D06872970Fb8423c9e325292AA99736A,0x22de2dE378A80e7751970EFB738dB7a1f7Cf4FF8,2025-03-29T09:55:06.000Z
0x92b888426D79BCFD57B25bDa5b88755233682908,0xDd2140968EC7b95F444a6De7eeB16f8b9e3e1128,2025-03-29T13:52:50.000Z
0x38835833048b16d49416bc72C18c29ECbD744682,0x92b888426D79BCFD57B25bDa5b88755233682908,2025-03-29T14:06:28.000Z
0xE3c7F3c6693A693Fc9C7E277332Ac66c1Dd8cFA6,0xCeC1594F9F80e79Edf4A6e90dD374FfbBBc409c8,2025-03-29T14:12:08.000Z
0x5A010F2F9EB302C19Da3EdE4D2a891214806481c,0x38835833048b16d49416bc72C18c29ECbD744682,2025-03-29T14:33:54.000Z
0xC8D7fbE4ab1bf0C5652fD13E013Bf713285eCC96,0x5A010F2F9EB302C19Da3EdE4D2a891214806481c,2025-03-29T17:44:05.000Z
0xdE113FCb6dAdca492737e5863DEB863B77E6E7D5,0x29ee41482ba337C5F600da757B75ACBBef2e8F06,2025-03-31T06:15:34.000Z
0x2209e0E8a594620746CEFBf1BC7985c09E80859e,0x37DAcb4Ef8c08E77a9B8040D67AFe609dF10f196,2025-03-31T07:18:41.000Z
0xA75a329A5D61408bDC0d7c2B33A55fD6a1594c40,0xC8D7fbE4ab1bf0C5652fD13E013Bf713285eCC96,2025-03-31T07:21:59.000Z
0x50ACd2b6a29586Eda5AfA46C50a60c0EfF60956c,0xA75a329A5D61408bDC0d7c2B33A55fD6a1594c40,2025-03-31T07:30:33.000Z
0x3B42b1917ab6ac7b26F739B4a80eF3505a8d557E,0xb7AD992aE38916d41029bCebEAc95a465E651781,2025-03-31T07:37:09.000Z
0xa092a002Af782Dd2cfeCCe1714C281794B563cb9,0xb7AD992aE38916d41029bCebEAc95a465E651781,2025-03-31T07:44:53.000Z
0xad696dde3353fA40754e271DFbB3fF5bef07eB73,0xdd9506f22fd59CD6f5479301fc56dFcFe4B0240F,2025-03-31T09:24:49.000Z
0xc8B5e0691F315cD355C894B85bEE89a3D64296e6,0x750aEC4495435D2Cb1480c2C627E4Ea30D5A0E55,2025-03-31T09:53:29.000Z
0x0Dc64C37e6378c16D7d10043d2b6f2D255EE0699,0x2d4fF100E51BAA2E21E7804d0e21C69a2e30Df7E,2025-04-01T06:05:19.000Z
0xD62AD1Dd7F8a419f669D75980967A6d6020ED1A0,0x29ee41482ba337C5F600da757B75ACBBef2e8F06,2025-04-01T06:11:45.000Z
0xD42B34cB879BD032A2F643464535d1cc861E92B0,0x651433265dc9e2c415A1be6D3D535B9add7149eE,2025-04-01T06:30:45.000Z
0xAa65a775004ea9D863824E1B4e917d302dA4Cc5F,0x81f5c783d0A11e61E3407Ba18C0b63770Fae6808,2025-04-02T02:41:58.000Z
0x8E508c77653A9558Ff347271e007e6BD71C6FAe0,0xcE22Ea9953DEA880beA47a09Dc3A3908ce9AeDAA,2025-04-02T07:02:30.000Z
0x3e27326Bcc9BEa3D557DF12b9644bc3DDD5cc18c,0xe5a891e574BFaA4A767810dc25c97048FfFe3B97,2025-04-02T07:54:17.000Z
0xD564E8121807004fD5B4354aEC74c31C7924C94F,0x3B42b1917ab6ac7b26F739B4a80eF3505a8d557E,2025-04-02T08:01:41.000Z
0x3fB9A1240547c768E692CdB6A49aD4681E44271C,0x08Fd2bCc8670dFbCeA7e93a3a99eb17C2Dd21327,2025-04-02T08:40:51.000Z
0xaeFD5C922C8B94ffbED7ef395C95bf6db1b0E4E9,0x651433265dc9e2c415A1be6D3D535B9add7149eE,2025-04-02T08:59:01.000Z
0x19Dfe2beB7a3951ccfe87d4534811Ed53A66ad8F,0x29ee41482ba337C5F600da757B75ACBBef2e8F06,2025-04-02T09:12:21.000Z
0xAe767eb3D960247596C69e35B8701119b3874676,0x0F789bfa5D6Ad293e0013a70c65FA65761921E33,2025-04-02T09:58:33.000Z
0xB02F6C1E7e9180348F39EaA9FC4f71aE5954bAB5,0xAe767eb3D960247596C69e35B8701119b3874676,2025-04-02T10:07:29.000Z
0x1844fd03266B765f6F694f18Bf7E95D008eB3217,0x53d8625081fFFFbdD9A63B010C5f64f8571c70dF,2025-04-03T05:33:30.000Z
0x98Bf67836e85662d1855F43aa94fB468cF9c38a0,0x0000000000000000000000000000000000000000,2025-04-03T10:20:24.000Z
0x9384E73814cD2a53e7a715D16077B7358FA1C6aa,0xe5a891e574BFaA4A767810dc25c97048FfFe3B97,2025-04-03T11:38:24.000Z
0x3fFDBC3B3243b1Ae4bd32ec93a5A731f53086Bd9,0x9384E73814cD2a53e7a715D16077B7358FA1C6aa,2025-04-03T11:43:14.000Z
0x7585f6a39144391e97B42e303bD85f2479727b1F,0xdD513C41A86D63A9C1680465e25D30De7C7ea04d,2025-04-03T13:13:04.000Z
0x3608940F1DcEfB388aB355e63f9c5003CD690630,0x0000000000000000000000000000000000000000,2025-06-20T07:47:31.000Z
